rsid;variant;gene_most_severe;most_severe;IS_P;IS_SIGN;pval;P;beta;BETA;af_alt;A1FREQ
rs880315;1:10736809:T:C;CASZ1;intron_variant;TRUE;TRUE;3.88687e-20;6.50249459688597e-07;0.128698;0.110682;0.428909;0.349797
rs12037987;1:112500200:T:C;WNT2B;intron_variant;TRUE;TRUE;6.85646e-25;0.000143850044309435;0.188592;0.147451;0.181738;0.0776172
rs3790611;1:112525170:A:G;ST7L;3_prime_UTR_variant;FALSE;TRUE;8.79023e-14;0.0813804336990558;-0.12124;-0.0428985;0.228741;0.254085
rs1275984;2:26688641:A:C;KCNK3;upstream_gene_variant;;;7.53876e-19;;-0.123267;;0.532744;
rs7624512;3:27426806:C:G;SLC4A7;intron_variant;TRUE;TRUE;1.13841e-17;0.00133269264224439;-0.121763;-0.0719267;0.375689;0.35566
rs4385259;5:128479760:G:C;FBN2;intron_variant;FALSE;TRUE;1.34809e-10;0.0113579512422707;0.0929314;0.0547112;0.356241;0.425255
rs13154725;5:148515142:G:A;HTR4;intron_variant;FALSE;TRUE;2.02507e-08;0.349678555949072;0.0790377;0.0202408;0.397641;0.427621
rs2270860;6:43302413:C:T;SLC22A7;splice_region_variant;FALSE;TRUE;1.22101e-08;0.0458933753279408;0.0855846;0.0462211;0.30669;0.297784
rs1859168;7:27202740:A:C;HOTTIP;non_coding_transcript_exon_variant;TRUE;TRUE;2.36211e-25;0.00171976853973294;0.24977;0.13593;0.912963;0.9319
rs4722681;7:27280700:T:C;;intergenic_variant;TRUE;TRUE;2.60615e-12;4.21890746567798e-05;0.139339;0.13876;0.14378;0.105093
rs57239204;7:113130492:C:CA;AC073346.1;intron_variant;;;3.85452e-08;;-0.152564;;0.0656184;
rs3918226;7:150993088:C:T;NOS3;intron_variant;FALSE;TRUE;1.69169e-09;0.321039152316287;0.158905;0.0374456;0.0763068;0.0899605
rs59122069;8:92599599:G:GAGATAGATAGATAGATAGATAGAT;AC091096.1;intron_variant;FALSE;FALSE;1.11846e-08;0.78201304910543;-0.568239;0.129167;0.00591127;0.00075579
rs61276460;8:142983465:C:T;LY6E-DT;intron_variant;FALSE;TRUE;1.25072e-09;0.05855311442044;-0.0844013;-0.0414887;0.470376;0.39152
rs612652;11:1865986:T:C;LSP1;intron_variant;TRUE;TRUE;2.02023e-18;0.000204870770130881;0.122817;0.0806974;0.58591;0.592631
rs35427;12:115118502:T:G;;intergenic_variant;FALSE;TRUE;2.59298e-14;0.0200682729839241;-0.110497;-0.0513407;0.355652;0.375311
rs9573144;13:73247350:G:A;;intergenic_variant;FALSE;TRUE;3.01689e-08;0.258395532081616;0.118756;0.0405058;0.121577;0.0995943
rs429358;19:44908684:T:C;APOE;missense_variant;FALSE;TRUE;1.66955e-14;0.546986993992626;-0.139194;-0.0179074;0.171172;0.153397
