rsid;variant;gene_most_severe;most_severe;IS_P;IS_SIGN;pval;P;beta;BETA;af_alt;A1FREQ
rs880315;1:10736809:T:C;CASZ1;intron_variant;TRUE;TRUE;3.88687e-20;7.82257976069218e-05;0.128698;0.159041;0.428909;0.347975
rs12037987;1:112500200:T:C;WNT2B;intron_variant;FALSE;TRUE;6.85646e-25;0.0525339431771654;0.188592;0.141462;0.181738;0.0765347
rs3790611;1:112525170:A:G;ST7L;3_prime_UTR_variant;FALSE;TRUE;8.79023e-14;0.111059573160709;-0.12124;-0.0712118;0.228741;0.254669
rs1275984;2:26688641:A:C;KCNK3;upstream_gene_variant;TRUE;TRUE;7.53876e-19;0.000104447969119336;-0.123267;-0.152548;0.532744;0.60578
rs7624512;3:27426806:C:G;SLC4A7;intron_variant;FALSE;TRUE;1.13841e-17;0.300681009730188;-0.121763;-0.0421135;0.375689;0.357826
rs4385259;5:128479760:G:C;FBN2;intron_variant;FALSE;TRUE;1.34809e-10;0.00786647197882066;0.0929314;0.104628;0.356241;0.424219
rs13154725;5:148515142:G:A;HTR4;intron_variant;FALSE;TRUE;2.02507e-08;0.0685772396432792;0.0790377;0.0716668;0.397641;0.427603
rs2270860;6:43302413:C:T;SLC22A7;splice_region_variant;FALSE;FALSE;1.22101e-08;0.76675920778486;0.0855846;-0.0125176;0.30669;0.296179
rs1859168;7:27202740:A:C;HOTTIP;non_coding_transcript_exon_variant;FALSE;TRUE;2.36211e-25;0.129502752746625;0.24977;0.116402;0.912963;0.931041
rs4722681;7:27280700:T:C;;intergenic_variant;TRUE;TRUE;2.60615e-12;4.3507086373994e-05;0.139339;0.248256;0.14378;0.104103
rs57239204;7:113130492:C:CA;AC073346.1;intron_variant;;;3.85452e-08;;-0.152564;;0.0656184;
rs3918226;7:150993088:C:T;NOS3;intron_variant;FALSE;TRUE;1.69169e-09;0.116369722852471;0.158905;0.10762;0.0763068;0.0901806
rs59122069;8:92599599:G:GAGATAGATAGATAGATAGATAGAT;AC091096.1;intron_variant;FALSE;FALSE;1.11846e-08;0.338091303625786;-0.568239;0.77018;0.00591127;0.000772313
rs61276460;8:142983465:C:T;LY6E-DT;intron_variant;FALSE;TRUE;1.25072e-09;0.377154244815565;-0.0844013;-0.0352355;0.470376;0.392464
rs612652;11:1865986:T:C;LSP1;intron_variant;TRUE;TRUE;2.02023e-18;1.71025157875683e-05;0.122817;0.171353;0.58591;0.591622
rs35427;12:115118502:T:G;;intergenic_variant;FALSE;TRUE;2.59298e-14;0.0156685930117603;-0.110497;-0.0975913;0.355652;0.376147
rs9573144;13:73247350:G:A;;intergenic_variant;FALSE;FALSE;3.01689e-08;0.37953689473766;0.118756;-0.0579691;0.121577;0.0987524
rs429358;19:44908684:T:C;APOE;missense_variant;FALSE;TRUE;1.66955e-14;0.0972926426942218;-0.139194;-0.0894026;0.171172;0.153393
