rsid;variant;gene_most_severe;most_severe;pval;P;beta;BETA;af_alt;A1FREQ
rs880315;1:10736809:T:C;CASZ1;intron_variant;3.88687e-20;6.50249459688597e-07;0.128698;0.110682;0.428909;0.349797
rs12037987;1:112500200:T:C;WNT2B;intron_variant;6.85646e-25;0.000143850044309435;0.188592;0.147451;0.181738;0.0776172
rs1275984;2:26688641:A:C;KCNK3;upstream_gene_variant;7.53876e-19;0.000104447969119336;-0.123267;-0.152548;0.532744;0.60578
rs7624512;3:27426806:C:G;SLC4A7;intron_variant;1.13841e-17;0.00133269264224439;-0.121763;-0.0719267;0.375689;0.35566
rs1859168;7:27202740:A:C;HOTTIP;non_coding_transcript_exon_variant;2.36211e-25;0.00171976853973294;0.24977;0.13593;0.912963;0.9319
rs612652;11:1865986:T:C;LSP1;intron_variant;2.02023e-18;0.000204870770130881;0.122817;0.0806974;0.58591;0.592631
